{"_runtime": 3121, "lr-AdamW": 7.2e-05, "trainer/global_step": 11999, "_timestamp": 1759314196.689653, "_step": 5399, "batch_CE_nodes_train_step": 0.5041865110397339, "batch_CE_global_features_train_step": 0, "batch_CE_edges_train_step": 0.45963889360427856, "epoch": 499, "loss_train_step": 2.8023808002471924, "batch_CE_nodes_train_epoch": 0.4952974319458008, "batch_CE_global_features_train_epoch": 0, "loss_train_epoch": 2.7788259983062744, "batch_CE_edges_train_epoch": 0.4567057192325592, "batch_VLB_edges_validation": 0.6599501967430115, "loss_validation": 1.3502155542373657, "batch_VLB_nodes_validation": 0.6902654767036438}